Category,Product,Year,Month,Month_Name,Quarter,Total_Qty_Kg,Total_Revenue,Avg_Rate,Selling_Days
Cheese,Cheese Slice 100gm,2021,4,Apr,2,40.9,20462.2,50.29571428571429,21
Cheese,Cheese Slice 100gm,2021,5,May,2,69.2,34863.11,50.6925925925926,27
Cheese,Cheese Slice 100gm,2021,6,Jun,2,113.39999999999999,56756.62,50.25307692307692,26
Cheese,Cheese Slice 100gm,2021,7,Jul,3,89.2,44665.09,50.09608695652174,23
Cheese,Cheese Slice 100gm,2021,8,Aug,3,108.0,53718.36,49.718333333333334,24
Cheese,Cheese Slice 100gm,2021,9,Sep,3,78.5,39046.3,49.53391304347826,23
Cheese,Cheese Slice 100gm,2021,10,Oct,4,80.7,39837.21,49.45107142857143,28
Cheese,Cheese Slice 100gm,2021,11,Nov,4,71.1,35168.26,49.95034482758621,29
Cheese,Cheese Slice 100gm,2021,12,Dec,4,89.8,44331.31,49.25533333333333,30
Cheese,Cheese Slice 100gm,2022,1,Jan,1,67.6,33439.29,49.49928571428571,28
Cheese,Cheese Slice 100gm,2022,2,Feb,1,45.6,22512.26,49.71666666666666,27
Cheese,Cheese Slice 100gm,2022,3,Mar,1,49.3,24458.3,50.35607142857143,28
Cheese,Cheese Slice 100gm,2022,4,Apr,2,39.4,19439.14,49.661764705882355,17
Cheese,Cheese Slice 100gm,2022,5,May,2,71.6,35490.28,50.01083333333333,24
Cheese,Cheese Slice 100gm,2022,6,Jun,2,61.8,33351.1,54.5235,20
Cheese,Cheese Slice 100gm,2022,7,Jul,3,60.8,34280.0,56.64074074074074,27
Cheese,Cheese Slice 100gm,2022,8,Aug,3,66.3,37447.98,56.39586206896552,29
Cheese,Cheese Slice 100gm,2022,9,Sep,3,45.2,25560.03,56.74571428571429,28
Cheese,Cheese Slice 100gm,2022,10,Oct,4,81.5,45847.99,56.205555555555556,27
Cheese,Cheese Slice 100gm,2022,11,Nov,4,70.7,39895.98,56.56428571428571,28
Cheese,Cheese Slice 100gm,2022,12,Dec,4,66.0,37087.979999999996,56.17285714285714,28
Cheese,Cheese Slice 100gm,2023,1,Jan,1,64.9,36400.0,56.30466666666667,30
Cheese,Cheese Slice 100gm,2023,2,Feb,1,54.6,30832.04,56.60307692307693,26
Cheese,Cheese Slice 100gm,2023,3,Mar,1,48.5,27320.02,56.26913043478261,23
Cheese,Cheese Slice 100gm,2023,4,Apr,2,21.7,12224.01,56.193,10
Cheese,Cheese Slice 100gm,2023,5,May,2,35.7,22626.15,64.37307692307692,13
Cheese,Cheese Slice 100gm,2023,6,Jun,2,65.3,41409.26,63.4356,25
Cheese,Cheese Slice 100gm,2023,7,Jul,3,70.4,44838.25,63.91545454545454,22
Cheese,Cheese Slice 100gm,2023,8,Aug,3,67.4,42846.6,63.5644,25
Cheese,Cheese Slice 100gm,2023,9,Sep,3,54.6,34731.37,63.3652,25
Cheese,Cheese Slice 100gm,2023,10,Oct,4,78.1,49410.35,63.62347826086956,23
Cheese,Cheese Slice 100gm,2023,11,Nov,4,74.8,47259.28,63.1355,20
Cheese,Cheese Slice 100gm,2023,12,Dec,4,104.0,65862.29000000001,63.48516129032258,31
Cheese,Cheese Slice 100gm,2024,1,Jan,1,66.5,42024.86,63.15962962962963,27
Cheese,Cheese Slice 100gm,2024,2,Feb,1,75.4,47601.3,63.145384615384614,26
Cheese,Cheese Slice 100gm,2024,3,Mar,1,83.4,52746.73,63.207857142857144,28
Cheese,Cheese Slice 100gm,2024,4,Apr,2,74.3,46896.68,63.080740740740744,27
Cheese,Cheese Slice 100gm,2024,5,May,2,79.9,50670.4,63.278214285714284,28
Cheese,Cheese Slice 100gm,2024,6,Jun,2,3.6,2268.0,63.0,2
Cheese,Cheese Slice 100gm,2024,7,Jul,3,162.3,102800.15,63.29233333333333,30
Cheese,Cheese Slice 100gm,2024,8,Aug,3,108.0,68469.04000000001,63.336774193548386,31
Cheese,Cheese Slice 100gm,2024,9,Sep,3,80.2,50583.63,63.056000000000004,25
Cheese,Cheese Slice 100gm,2024,10,Oct,4,89.2,56551.03,63.45068965517241,29
Cheese,Cheese Slice 100gm,2024,11,Nov,4,95.3,60237.47,63.151111111111106,27
Cheese,Cheese Slice 100gm,2024,12,Dec,4,107.7,68018.87,63.27357142857143,28
Cheese,Cheese Slice 100gm,2025,1,Jan,1,83.2,52715.08,64.06173913043479,23
Cheese,Cheese Slice 100gm,2025,2,Feb,1,109.7,69405.77,63.34961538461538,26
Cheese,Cheese Slice 100gm,2025,3,Mar,1,128.2,81391.18000000001,63.42466666666667,30
Cheese,Cheese Slice 100gm,2025,4,Apr,2,105.5,66890.23,63.28678571428571,28
Cheese,Cheese Slice 100gm,2025,5,May,2,90.6,57717.48,63.550000000000004,29
Cheese,Cheese Slice 100gm,2025,6,Jun,2,127.8,80906.85,63.30148148148149,27
Cheese,Cheese Slice 100gm,2025,7,Jul,3,194.7,123654.29000000001,63.492,30
Cheese,Cheese Slice 100gm,2025,8,Aug,3,165.0,104614.73,63.45967741935484,31
Cheese,Cheese Slice 100gm,2025,9,Sep,3,115.6,71201.71,61.97,26
Cheese,Cheese Slice 100gm,2025,10,Oct,4,162.2,96320.08,59.56645161290322,31
Cheese,Cheese Slice 100gm,2025,11,Nov,4,166.4,99018.34,59.50608695652174,23
Cheese,Cheese Slice 100gm,2025,12,Dec,4,215.8,128639.4,59.45035714285715,28
Cheese,Cheese Spread Chilly Garlic 200gm,2021,4,Apr,2,2.8000000000000003,1011.3,72.396,5
Cheese,Cheese Spread Chilly Garlic 200gm,2021,6,Jun,2,6.0,2093.87,69.876,5
Cheese,Cheese Spread Chilly Garlic 200gm,2021,7,Jul,3,8.0,2790.03,70.19125,8
Cheese,Cheese Spread Chilly Garlic 200gm,2021,8,Aug,3,1.6,562.03,70.006,5
Cheese,Cheese Spread Chilly Garlic 200gm,2021,9,Sep,3,4.0,1399.99,70.25,8
Cheese,Cheese Spread Chilly Garlic 200gm,2021,10,Oct,4,5.6,1932.01,69.0,7
Cheese,Cheese Spread Chilly Garlic 200gm,2021,11,Nov,4,4.8,1665.99,69.71428571428571,7
Cheese,Cheese Spread Chilly Garlic 200gm,2021,12,Dec,4,4.6,1591.99,69.09166666666667,6
Cheese,Cheese Spread Chilly Garlic 200gm,2022,1,Jan,1,1.7999999999999998,621.0,69.0,3
Cheese,Cheese Spread Chilly Garlic 200gm,2022,2,Feb,1,4.6,1586.98,69.0,5
Cheese,Cheese Spread Chilly Garlic 200gm,2022,3,Mar,1,1.6,552.02,69.005,4
Cheese,Cheese Spread Chilly Garlic 200gm,2022,4,Apr,2,1.0,344.99,69.00333333333333,3
Cheese,Cheese Spread Chilly Garlic 200gm,2022,5,May,2,4.6,1597.0,69.71428571428571,7
Cheese,Cheese Spread Chilly Garlic 200gm,2022,6,Jun,2,11.8,4350.98,73.168,10
Cheese,Cheese Spread Pepper 200gm,2021,4,Apr,2,4.4,1580.26,71.83125,8
Cheese,Cheese Spread Pepper 200gm,2021,5,May,2,0.8,276.0,69.0,1
Cheese,Cheese Spread Pepper 200gm,2021,6,Jun,2,5.2,1795.22,69.122,5
Cheese,Cheese Spread Pepper 200gm,2021,7,Jul,3,5.6000000000000005,1935.68,69.205,6
Cheese,Cheese Spread Pepper 200gm,2021,8,Aug,3,3.4000000000000004,1183.02,69.83666666666666,6
Cheese,Cheese Spread Pepper 200gm,2021,9,Sep,3,4.2,1468.98,70.66666666666667,6
Cheese,Cheese Spread Pepper 200gm,2021,10,Oct,4,3.0,1034.99,69.0,4
Cheese,Cheese Spread Pepper 200gm,2021,11,Nov,4,4.8,1671.0,70.0,5
Cheese,Cheese Spread Pepper 200gm,2021,12,Dec,4,5.6000000000000005,1947.02,69.7825,8
Cheese,Cheese Spread Pepper 200gm,2022,1,Jan,1,2.0,690.01,69.0,3
Cheese,Cheese Spread Pepper 200gm,2022,2,Feb,1,1.2000000000000002,413.97,69.0,3
Cheese,Cheese Spread Pepper 200gm,2022,3,Mar,1,0.8,276.01,69.00666666666667,3
Cheese,Cheese Spread Pepper 200gm,2022,4,Apr,2,2.0,689.98,69.002,5
Cheese,Cheese Spread Pepper 200gm,2022,5,May,2,3.8,1330.97,70.25,8
Cheese,Cheese Spread Pepper 200gm,2022,6,Jun,2,1.0,344.99,69.0,2
Cheese,Cheese Spread Pepper 200gm,2022,7,Jul,3,4.8,1896.0,79.0,7
Cheese,Cheese Spread Pepper 200gm,2022,8,Aug,3,2.8,1105.99,79.0,5
Cheese,Cheese Spread Pepper 200gm,2022,9,Sep,3,1.0,395.0,79.0,2
Cheese,Cheese Spread Pepper 200gm,2022,11,Nov,4,0.2,79.0,79.0,1
Cheese,Cheese Spread Pepper 200gm,2023,3,Mar,1,0.8,316.0,79.0,1
Cheese,Cheese Spread Plain 200gm,2021,4,Apr,2,21.6,7640.53,71.354,15
Cheese,Cheese Spread Plain 200gm,2021,5,May,2,29.4,10534.76,71.03181818181818,22
Cheese,Cheese Spread Plain 200gm,2021,6,Jun,2,40.2,14376.3,70.59166666666667,24
Cheese,Cheese Spread Plain 200gm,2021,7,Jul,3,38.4,13630.6,70.78565217391304,23
Cheese,Cheese Spread Plain 200gm,2021,8,Aug,3,29.0,10155.03,70.59450000000001,20
Cheese,Cheese Spread Plain 200gm,2021,9,Sep,3,29.400000000000002,10302.98,69.93454545454546,22
Cheese,Cheese Spread Plain 200gm,2021,10,Oct,4,19.8,6891.03,69.75176470588235,17
Cheese,Cheese Spread Plain 200gm,2021,11,Nov,4,14.4,5002.98,69.813125,16
Cheese,Cheese Spread Plain 200gm,2021,12,Dec,4,15.8,5526.02,69.45875,16
Cheese,Cheese Spread Plain 200gm,2022,1,Jan,1,14.0,4874.97,70.0,17
Cheese,Cheese Spread Plain 200gm,2022,2,Feb,1,17.0,5939.97,70.44200000000001,15
Cheese,Cheese Spread Plain 200gm,2022,3,Mar,1,14.8,5180.97,69.63933333333333,15
Cheese,Cheese Spread Plain 200gm,2022,4,Apr,2,18.0,6304.99,69.86555555555555,18
Cheese,Cheese Spread Plain 200gm,2022,5,May,2,14.8,5125.96,69.23923076923077,13
Cheese,Cheese Spread Plain 200gm,2022,6,Jun,2,13.200000000000001,4714.0,72.0725,12
Cheese,Cheese Spread Plain 200gm,2022,7,Jul,3,15.0,5935.07,79.27777777777777,18
Cheese,Cheese Spread Plain 200gm,2022,8,Aug,3,16.0,6384.96,79.866,15
Cheese,Cheese Spread Plain 200gm,2022,9,Sep,3,3.4,1343.01,79.0,5
Cheese,Cheese Spread Plain 200gm,2022,10,Oct,4,12.4,4927.93,79.234375,16
Cheese,Cheese Spread Plain 200gm,2022,11,Nov,4,11.8,4725.97,79.81181818181818,11
Cheese,Cheese Spread Plain 200gm,2022,12,Dec,4,9.8,3951.0,80.15545454545455,11
Cheese,Cheese Spread Plain 200gm,2023,1,Jan,1,17.6,6977.0,79.3125,16
Cheese,Cheese Spread Plain 200gm,2023,2,Feb,1,9.0,3554.96,79.0,14
Cheese,Cheese Spread Plain 200gm,2023,3,Mar,1,5.4,2177.99,80.66666666666667,9
Cheese,Cheese Spread Plain 200gm,2023,4,Apr,2,11.8,4730.96,80.31800000000001,10
Cheese,Cheese Spread Plain 200gm,2023,5,May,2,1.4,652.51,93.50333333333333,3
Cheese,Cheese Spread Plain 200gm,2023,6,Jun,2,7.8,3640.52,92.86363636363636,11
Cheese,Cheese Spread Plain 200gm,2023,7,Jul,3,10.4,4805.96,92.69909090909091,11
Cheese,Cheese Spread Plain 200gm,2023,8,Aug,3,8.8,4097.47,93.05999999999999,14
Cheese,Cheese Spread Plain 200gm,2023,9,Sep,3,9.8,4537.49,91.99071428571428,14
Cheese,Cheese Spread Plain 200gm,2023,10,Oct,4,10.8,5007.01,92.35733333333333,15
Cheese,Cheese Spread Plain 200gm,2023,11,Nov,4,11.0,5182.43,93.25071428571428,14
Cheese,Cheese Spread Plain 200gm,2023,12,Dec,4,12.4,5696.97,92.30133333333333,15
Cheese,Cheese Spread Plain 200gm,2024,1,Jan,1,11.4,5293.39,92.38235294117646,17
Cheese,Cheese Spread Plain 200gm,2024,2,Feb,1,11.8,5428.41,92.061875,16
Cheese,Cheese Spread Plain 200gm,2024,3,Mar,1,8.2,3805.4300000000003,92.60000000000001,12
Cheese,Cheese Spread Plain 200gm,2024,4,Apr,2,8.4,3860.96,91.82727272727273,11
Cheese,Cheese Spread Plain 200gm,2024,5,May,2,5.6000000000000005,2573.96,92.101,10
Cheese,Cheese Spread Plain 200gm,2024,6,Jun,2,6.6000000000000005,3067.4700000000003,92.731,10
Cheese,Cheese Spread Plain 200gm,2024,7,Jul,3,7.0,3226.48,92.57,8
Cheese,Cheese Spread Plain 200gm,2024,8,Aug,3,8.2,3781.49,92.53,16
Cheese,Cheese Spread Plain 200gm,2024,9,Sep,3,6.2,2836.46,91.5,10
Cheese,Cheese Spread Plain 200gm,2024,10,Oct,4,9.2,4245.07,92.7,10
Cheese,Cheese Spread Plain 200gm,2024,11,Nov,4,6.4,2987.9700000000003,93.23230769230769,13
Cheese,Cheese Spread Plain 200gm,2024,12,Dec,4,7.6,3518.9700000000003,92.69933333333333,15
Cheese,Cheese Spread Plain 200gm,2025,1,Jan,1,8.0,3660.01,91.5,11
Cheese,Cheese Spread Plain 200gm,2025,2,Feb,1,6.2,2848.54,92.0,8
Cheese,Cheese Spread Plain 200gm,2025,3,Mar,1,8.6,3982.51,92.18599999999999,15
Cheese,Cheese Spread Plain 200gm,2025,4,Apr,2,6.0,2757.0,92.101,10
Cheese,Cheese Spread Plain 200gm,2025,5,May,2,4.4,2012.95,91.5,10
Cheese,Cheese Spread Plain 200gm,2025,6,Jun,2,9.4,4324.38,92.249375,16
Cheese,Cheese Spread Plain 200gm,2025,7,Jul,3,10.0,4623.0,92.37533333333334,15
Cheese,Cheese Spread Plain 200gm,2025,8,Aug,3,9.0,4117.48,91.5,13
Cheese,Cheese Spread Plain 200gm,2025,9,Sep,3,6.800000000000001,3071.51,90.385,10
Cheese,Cheese Spread Plain 200gm,2025,10,Oct,4,13.4,5790.110000000001,86.303125,16
Cheese,Cheese Spread Plain 200gm,2025,11,Nov,4,17.6,7604.900000000001,86.050625,16
Cheese,Cheese Spread Plain 200gm,2025,12,Dec,4,10.0,4288.900000000001,85.78,13
Curd,Dtm Curd 500g,2023,11,Nov,4,6530.0,391181.22,29.986428571428572,14
Curd,Dtm Curd 500g,2023,12,Dec,4,17652.5,1046395.33,29.643225806451614,31
Curd,Dtm Curd 500g,2024,1,Jan,1,14961.0,887804.66,29.674838709677417,31
Curd,Dtm Curd 500g,2024,2,Feb,1,14666.5,869548.89,29.661379310344827,29
Curd,Dtm Curd 500g,2024,3,Mar,1,20736.5,1233331.83,29.73741935483871,31
Curd,Dtm Curd 500g,2024,4,Apr,2,19364.0,1153493.06,29.817333333333334,30
Curd,Dtm Curd 500g,2024,5,May,2,13236.0,791133.72,29.92806451612903,31
Curd,Dtm Curd 500g,2024,6,Jun,2,8278.0,494015.91000000003,29.848333333333336,30
Curd,Dtm Curd 500g,2024,7,Jul,3,6331.5,378129.37,29.903000000000002,30
Curd,Dtm Curd 500g,2024,8,Aug,3,1592.5,94105.34,30.076666666666668,9
Curd,Katta Thairu 400g,2021,3,Mar,1,165.6,14373.0,34.84583333333333,12
Curd,Katta Thairu 400g,2021,4,Apr,2,57.6,4986.0,34.60909090909091,11
Curd,Katta Thairu 400g,2021,5,May,2,43.2,3690.0,34.111111111111114,9
Curd,Katta Thairu 400g,2021,6,Jun,2,24.0,2040.0,34.0,7
Curd,Katta Thairu 400g,2021,7,Jul,3,31.2,2652.0,34.0,7
Curd,Katta Thairu 400g,2021,8,Aug,3,52.8,4560.0,34.63461538461539,13
Curd,Katta Thairu 400g,2021,9,Sep,3,43.2,3744.0,34.8,10
Curd,Katta Thairu 400g,2021,10,Oct,4,45.6,3966.0,34.88461538461539,13
Curd,Katta Thairu 400g,2021,11,Nov,4,28.8,2466.0,34.214285714285715,7
Curd,Katta Thairu 400g,2021,12,Dec,4,45.6,3948.0,34.416666666666664,9
Curd,Katta Thairu 400g,2022,1,Jan,1,33.6,2928.0,34.666666666666664,9
Curd,Katta Thairu 400g,2022,2,Feb,1,31.2,2652.0,34.0,6
Curd,Katta Thairu 400g,2022,3,Mar,1,52.8,4524.0,34.57142857142857,7
Curd,Katta Thairu 400g,2022,4,Apr,2,19.2,1632.0,34.0,5
Curd,Katta Thairu 400g,2022,5,May,2,7.199999999999999,612.0,34.0,3
Curd,Katta Thairu 400g,2022,7,Jul,3,24.0,2148.0,35.8,1
Curd,Katta Thairu 400g,2023,3,Mar,1,2.4,237.61,39.6,1
Curd,Kattimoru 250 Ml Sachet,2022,4,Apr,2,1435.0,64980.0,11.284,5
Curd,Kattimoru 250 Ml Sachet,2022,5,May,2,263.75,12075.0,11.558181818181819,11
Curd,Kattimoru 250 Ml Sachet,2022,9,Sep,3,574.5,26394.2,11.522,15
Curd,Kattimoru 250 Ml Sachet,2022,10,Oct,4,46.25,2159.99,11.828,5
Curd,Kattimoru 250 Ml Sachet,2024,2,Feb,1,386.25,120.01,0.08,1
Curd,Kattimoru 250 Ml Sachet,2024,4,Apr,2,5.0,239.99,12.0,1
Curd,Milma Katti Moru 1 Ltr,2022,6,Jun,2,400.0,15333.2,38.33,1
Curd,Milma Katti Moru 1 Ltr,2022,7,Jul,3,400.0,16600.0,41.5,1
Curd,Milma Katti Moru 1 Ltr,2022,8,Aug,3,400.0,16600.0,41.5,1
Curd,Milma Katti Moru 1 Ltr,2022,9,Sep,3,86.0,3638.48,43.43,3
Curd,Milma Katti Moru 1 Ltr,2022,10,Oct,4,400.0,16600.0,41.5,1
Curd,Milma Katti Moru 1 Ltr,2022,11,Nov,4,400.0,16600.0,41.5,1
Curd,Milma Katti Moru 1 Ltr,2023,10,Oct,4,6.18,300.61,50.1,1
Curd,Milma Katti Moru 500ml,2021,3,Mar,1,18183.5,892506.6,24.54413793103448,29
Curd,Milma Katti Moru 500ml,2021,4,Apr,2,13339.0,654616.8,24.531333333333336,30
Curd,Milma Katti Moru 500ml,2021,5,May,2,5237.0,257076.0,24.58516129032258,31
Curd,Milma Katti Moru 500ml,2021,6,Jun,2,2930.0,143643.6,24.43566666666667,30
Curd,Milma Katti Moru 500ml,2021,7,Jul,3,2407.5,117903.6,24.381666666666668,30
Curd,Milma Katti Moru 500ml,2021,8,Aug,3,2043.5,100508.4,24.43758620689655,29
Curd,Milma Katti Moru 500ml,2021,9,Sep,3,2859.0,140745.6,24.557586206896552,29
Curd,Milma Katti Moru 500ml,2021,10,Oct,4,3156.0,155001.6,24.587419354838712,31
Curd,Milma Katti Moru 500ml,2021,11,Nov,4,3348.0,163674.0,24.459999999999997,30
Curd,Milma Katti Moru 500ml,2021,12,Dec,4,5534.0,269625.6,24.380967741935482,31
Curd,Milma Katti Moru 500ml,2022,1,Jan,1,6577.0,319590.0,24.301612903225806,31
Curd,Milma Katti Moru 500ml,2022,2,Feb,1,9405.0,457081.2,24.302142857142858,28
Curd,Milma Katti Moru 500ml,2022,3,Mar,1,19315.5,938802.6,24.306451612903224,31
Curd,Milma Katti Moru 500ml,2022,4,Apr,2,15312.0,746751.6,24.39333333333333,30
Curd,Milma Katti Moru 500ml,2022,5,May,2,5410.0,264164.4,24.491071428571427,28
Curd,Milma Katti Moru 500ml,2022,6,Jun,2,3536.0,172332.0,24.149259259259257,27
Curd,Milma Katti Moru 500ml,2022,7,Jul,3,1178.5,61709.9,26.052666666666667,15
Curd,Milma Katti Moru 500ml,2022,8,Aug,3,1262.0,66990.68,26.67409090909091,22
Curd,Milma Katti Moru 500ml,2022,9,Sep,3,1149.0,60262.51,26.343529411764706,17
Curd,Milma Katti Moru 500ml,2022,10,Oct,4,3907.0,205349.96,26.239310344827587,29
Curd,Milma Katti Moru 500ml,2022,11,Nov,4,4700.0,247134.38,26.29866666666667,30
Curd,Milma Katti Moru 500ml,2022,12,Dec,4,4445.0,251863.85,28.327333333333335,30
Curd,Milma Katti Moru 500ml,2023,1,Jan,1,5224.5,295455.42,28.280322580645162,31
Curd,Milma Katti Moru 500ml,2023,2,Feb,1,7720.5,435306.76,28.197499999999998,28
Curd,Milma Katti Moru 500ml,2023,3,Mar,1,17284.5,972444.99,28.13193548387097,31
Curd,Milma Katti Moru 500ml,2023,4,Apr,2,19485.0,1096901.96,28.15266666666667,30
Curd,Milma Katti Moru 500ml,2023,5,May,2,14059.5,768377.82,28.140967741935484,31
Curd,Milma Katti Moru 500ml,2023,6,Jun,2,6336.57,348047.25,28.326666666666664,30
Curd,Milma Katti Moru 500ml,2023,7,Jul,3,3520.54,192587.16,28.33225806451613,31
Curd,Milma Katti Moru 500ml,2023,8,Aug,3,5042.88,277477.47,28.26241379310345,29
Curd,Milma Katti Moru 500ml,2023,9,Sep,3,4499.57,246911.85,28.41166666666667,30
Curd,Milma Katti Moru 500ml,2023,10,Oct,4,6832.0,373777.24,28.27806451612903,31
Curd,Milma Katti Moru 500ml,2023,11,Nov,4,6229.97,342635.4,28.326666666666664,30
Curd,Milma Katti Moru 500ml,2023,12,Dec,4,6800.58,372476.65,28.234516129032258,31
Curd,Milma Katti Moru 500ml,2024,1,Jan,1,7355.75,402609.36,28.220967741935485,31
Curd,Milma Katti Moru 500ml,2024,2,Feb,1,16973.41,926053.74,28.113793103448273,29
Curd,Milma Katti Moru 500ml,2024,3,Mar,1,36103.1,1966785.38,28.039354838709677,31
Curd,Milma Katti Moru 500ml,2024,4,Apr,2,40552.18,2210031.8,28.070666666666668,30
Curd,Milma Katti Moru 500ml,2024,5,May,2,20667.5,1125750.71,28.109354838709677,31
Curd,Milma Katti Moru 500ml,2024,6,Jun,2,4827.12,263833.72,28.201666666666664,30
Curd,Milma Katti Moru 500ml,2024,7,Jul,3,3858.92,210366.78,28.221290322580646,31
Curd,Milma Katti Moru 500ml,2024,8,Aug,3,40143.47,2192273.14,28.17213903743315,9
Curd,Set Curd 1 Kg - Toned Milk,2022,12,Dec,4,138.0,13332.04,97.4005,20
Curd,Set Curd 1 Kg - Toned Milk,2023,1,Jan,1,112.0,10751.98,96.0,15
Curd,Set Curd 1 Kg - Toned Milk,2023,2,Feb,1,52.0,4992.02,96.00142857142858,14
Curd,Set Curd 1 Kg - Toned Milk,2023,3,Mar,1,68.0,6528.01,96.0,14
Curd,Set Curd 1 Kg - Toned Milk,2023,4,Apr,2,49.0,4704.01,96.00076923076924,13
Curd,Set Curd 1 Kg - Toned Milk,2023,5,May,2,49.0,4704.02,96.00083333333333,12
Curd,Set Curd 1 Kg - Toned Milk,2023,6,Jun,2,20.0,1919.98,96.00166666666667,6
Curd,Set Curd 1 Kg - Toned Milk,2023,7,Jul,3,12.0,1151.97,96.0,3
Curd,Set Curd 1 Kg - Toned Milk,2023,8,Aug,3,24.0,2304.0,96.0,5
Curd,Set Curd 1 Kg - Toned Milk,2023,9,Sep,3,18.0,1728.02,96.0,5
Curd,Set Curd 1 Kg - Toned Milk,2023,10,Oct,4,35.0,3359.98,96.00125,8
Curd,Set Curd 1 Kg - Toned Milk,2023,11,Nov,4,49.0,4704.02,96.0,9
Curd,Set Curd 1 Kg - Toned Milk,2023,12,Dec,4,36.0,3456.0,96.001,10
Curd,Set Curd 1 Kg - Toned Milk,2024,1,Jan,1,35.0,3360.02,96.00222222222222,9
Curd,Set Curd 1 Kg - Toned Milk,2024,2,Feb,1,134.0,12864.01,96.0,8
Curd,Set Curd 1 Kg - Toned Milk,2024,3,Mar,1,600.0,57600.01,96.0,17
Curd,Set Curd 1 Kg - Toned Milk,2024,4,Apr,2,1431.0,137376.02,96.0,17
Curd,Set Curd 1 Kg - Toned Milk,2024,5,May,2,688.0,66048.04000000001,96.00071428571428,14
Curd,Set Curd 1 Kg - Toned Milk,2024,6,Jun,2,933.0,89575.7,96.11,14
Curd,Set Curd 1 Kg - Toned Milk,2024,7,Jul,3,1895.0,113364.04,86.71263157894737,19
Curd,Set Curd 1 Kg - Toned Milk,2024,8,Aug,3,7341.0,612878.56,96.028406374502,5
Curd,Skimmed Milk Curd 500gm,2021,3,Mar,1,342801.0,16591722.46,24.199310344827584,29
Curd,Skimmed Milk Curd 500gm,2021,4,Apr,2,311876.0,15081909.82,24.182000000000002,30
Curd,Skimmed Milk Curd 500gm,2021,5,May,2,210941.5,10187730.0,24.154516129032256,31
Curd,Skimmed Milk Curd 500gm,2021,6,Jun,2,170708.0,8244163.44,24.147666666666666,30
Curd,Skimmed Milk Curd 500gm,2021,7,Jul,3,192673.0,9303528.52,24.15032258064516,31
Curd,Skimmed Milk Curd 500gm,2021,8,Aug,3,246968.0,11932258.98,24.15,31
Curd,Skimmed Milk Curd 500gm,2021,9,Sep,3,205524.0,9929337.44,24.157,30
Curd,Skimmed Milk Curd 500gm,2021,10,Oct,4,220609.0,10642660.45,24.121935483870967,31
Curd,Skimmed Milk Curd 500gm,2021,11,Nov,4,216673.5,10443755.24,24.1,30
Curd,Skimmed Milk Curd 500gm,2021,12,Dec,4,256988.0,12391797.3,24.108387096774194,31
Curd,Skimmed Milk Curd 500gm,2022,1,Jan,1,249354.5,12024037.71,24.11032258064516,31
Curd,Skimmed Milk Curd 500gm,2022,2,Feb,1,239007.0,11544085.71,24.149285714285714,28
Curd,Skimmed Milk Curd 500gm,2022,3,Mar,1,326656.5,15795309.27,24.177419354838708,31
Curd,Skimmed Milk Curd 500gm,2022,4,Apr,2,315534.5,15251008.29,24.170666666666666,30
Curd,Skimmed Milk Curd 500gm,2022,5,May,2,274160.0,13255089.56,24.166129032258063,31
Curd,Skimmed Milk Curd 500gm,2022,6,Jun,2,216075.5,10441364.83,24.160333333333334,30
Curd,Skimmed Milk Curd 500gm,2022,7,Jul,3,209616.5,10559821.15,25.18032258064516,31
Curd,Skimmed Milk Curd 500gm,2022,8,Aug,3,229495.5,12151418.37,26.471612903225807,31
Curd,Skimmed Milk Curd 500gm,2022,9,Sep,3,304435.5,16118702.09,26.466666666666665,30
Curd,Skimmed Milk Curd 500gm,2022,10,Oct,4,262658.5,13904343.66,26.467741935483872,31
Curd,Skimmed Milk Curd 500gm,2022,11,Nov,4,261739.0,13854230.21,26.464333333333332,30
Curd,Skimmed Milk Curd 525g,2022,1,Jan,1,3449.25,170316.2,25.915555555555557,27
Curd,Skimmed Milk Curd 525g,2022,2,Feb,1,20251.36,1001049.65,25.934642857142855,28
Curd,Skimmed Milk Curd 525g,2022,3,Mar,1,37969.59,1879717.35,25.989677419354837,31
Curd,Skimmed Milk Curd 525g,2022,4,Apr,2,39622.81,1964755.04,26.035666666666668,30
Curd,Skimmed Milk Curd 525g,2022,5,May,2,34017.41,1690998.8,26.09903225806452,31
Curd,Skimmed Milk Curd 525g,2022,6,Jun,2,27359.93,1359990.9,26.096,30
Curd,Skimmed Milk Curd 525g,2022,7,Jul,3,15389.85,765578.4,26.1475,16
Curd,Skimmed Milk Curd 525g,2022,12,Dec,4,275957.4,16132654.8,30.692258064516132,31
Curd,Skimmed Milk Curd 525g,2023,1,Jan,1,279707.99,16338703.86,30.66548387096774,31
Curd,Skimmed Milk Curd 525g,2023,2,Feb,1,282462.65,16483983.15,30.635714285714283,28
Curd,Skimmed Milk Curd 525g,2023,3,Mar,1,374190.65,21832817.7,30.63032258064516,31
Curd,Skimmed Milk Curd 525g,2023,4,Apr,2,470400.61,27447137.37,30.637333333333334,30
Curd,Skimmed Milk Curd 525g,2023,5,May,2,377057.18,22005021.31,30.63741935483871,31
Curd,Skimmed Milk Curd 525g,2023,6,Jun,2,275196.67,16045643.83,30.619000000000003,30
Curd,Skimmed Milk Curd 525g,2023,7,Jul,3,202896.28,11830625.66,30.61258064516129,31
Curd,Skimmed Milk Curd 525g,2023,8,Aug,3,343660.34,20047753.74,30.616129032258065,31
Curd,Skimmed Milk Curd 525g,2023,9,Sep,3,238660.36,13925534.040000001,30.630333333333333,30
Curd,Skimmed Milk Curd 525g,2023,10,Oct,4,259969.58,15160981.57,30.615806451612904,31
Curd,Skimmed Milk Curd 525g,2023,11,Nov,4,249708.43,14565275.15,30.62066666666667,30
Curd,Skimmed Milk Curd 525g,2023,12,Dec,4,266788.26,15567746.17,30.63258064516129,31
Curd,Skimmed Milk Curd 525g,2024,1,Jan,1,259294.95,15131269.69,30.633225806451613,31
Curd,Skimmed Milk Curd 525g,2024,2,Feb,1,280392.6,16359511.02,30.63,29
Curd,Skimmed Milk Curd 525g,2024,3,Mar,1,397804.12,23213407.84,30.635483870967743,31
Curd,Skimmed Milk Curd 525g,2024,4,Apr,2,492179.17,28721192.63,30.639666666666663,30
Curd,Skimmed Milk Curd 525g,2024,5,May,2,347158.93,20263794.91,30.643870967741936,31
Curd,Skimmed Milk Curd 525g,2024,6,Jun,2,243252.52,14181596.94,30.613,30
Curd,Skimmed Milk Curd 525g,2024,7,Jul,3,187709.61,10941973.34,30.60225806451613,31
Curd,Skimmed Milk Curd 525g,2024,8,Aug,3,4636083.15,270314303.8,30.607934362934362,9
Curd,Skimmed Milk Curd 5kg,2022,7,Jul,3,65.0,3510.0299999999997,270.006,5
Curd,Skimmed Milk Curd 5kg,2022,8,Aug,3,490.0,26460.190000000002,270.0072727272727,22
Curd,Skimmed Milk Curd 5kg,2022,9,Sep,3,375.0,20250.0,270.00125,8
Curd,Skimmed Milk Curd 5kg,2022,10,Oct,4,10.0,540.01,270.01,1
Curd,Skimmed Milk Curd 5kg,2022,12,Dec,4,425.0,25245.010000000002,297.0,4
Curd,Skimmed Milk Curd 5kg,2023,1,Jan,1,1630.0,93921.32,283.26916666666665,12
Curd,Skimmed Milk Curd 5kg,2023,2,Feb,1,2380.0,127105.15,268.91,22
Curd,Skimmed Milk Curd 5kg,2023,3,Mar,1,1610.0,87757.5,275.70241379310346,29
Curd,Skimmed Milk Curd 5kg,2023,4,Apr,2,2130.0,117475.38,276.02379310344827,29
Curd,Skimmed Milk Curd 5kg,2023,5,May,2,3605.0,196248.66,274.17600000000004,30
Curd,Skimmed Milk Curd 5kg,2023,6,Jun,2,825.0,47873.86,287.07863636363635,22
Curd,Skimmed Milk Curd 5kg,2023,7,Jul,3,495.0,28415.51,286.39,12
Curd,Skimmed Milk Curd 5kg,2023,8,Aug,3,1735.0,93835.82,270.92214285714283,14
Curd,Skimmed Milk Curd 5kg,2023,9,Sep,3,1010.0,56185.76,279.2257142857143,7
Curd,Skimmed Milk Curd 5kg,2023,10,Oct,4,130.0,7302.84,284.03499999999997,4
Curd,Skimmed Milk Curd 5kg,2023,11,Nov,4,515.0,27902.300000000003,271.393,10
Curd,Skimmed Milk Curd 5kg,2023,12,Dec,4,1170.0,63325.94,270.33363636363634,22
Curd,Skimmed Milk Curd 5kg,2024,1,Jan,1,1535.0,83500.31,274.24,24
Curd,Skimmed Milk Curd 5kg,2024,2,Feb,1,1475.0,79470.25,269.38454545454545,22
Curd,Skimmed Milk Curd 5kg,2024,3,Mar,1,2020.0,109176.22,270.5361290322581,31
Curd,Skimmed Milk Curd 5kg,2024,4,Apr,2,3265.0,176107.59,269.6716666666667,30
Curd,Skimmed Milk Curd 5kg,2024,5,May,2,2810.0,151850.23,270.6264516129032,31
Curd,Skimmed Milk Curd 5kg,2024,6,Jun,2,830.0,44660.12,269.56068965517244,29
Curd,Skimmed Milk Curd 5kg,2024,7,Jul,3,645.0,38313.100000000006,297.0,29
Curd,Skimmed Milk Curd 5kg,2024,8,Aug,3,84535.0,4567531.9,271.82713450292397,9
Curd,Special Curd 500gm- Tonned Milk,2021,3,Mar,1,2883.0,169900.0,29.447586206896553,29
Curd,Special Curd 500gm- Tonned Milk,2021,4,Apr,2,2332.5,137470.0,29.473666666666666,30
Curd,Special Curd 500gm- Tonned Milk,2021,5,May,2,1232.5,72154.0,29.166428571428572,28
Curd,Special Curd 500gm- Tonned Milk,2021,6,Jun,2,549.5,32182.0,29.317500000000003,20
Curd,Special Curd 500gm- Tonned Milk,2021,7,Jul,3,147.5,8500.0,28.685714285714287,7
Curd,Special Curd 500gm- Tonned Milk,2021,8,Aug,3,711.5,40960.0,29.1235,20
Curd,Special Curd 500gm- Tonned Milk,2021,9,Sep,3,569.5,32562.0,28.956875,16
Curd,Special Curd 500gm- Tonned Milk,2021,10,Oct,4,617.0,35682.0,29.099999999999998,18
Curd,Special Curd 500gm- Tonned Milk,2021,11,Nov,4,625.0,36270.0,29.053571428571427,14
Curd,Special Curd 500gm- Tonned Milk,2021,12,Dec,4,656.5,38064.0,29.111904761904764,21
Curd,Special Curd 500gm- Tonned Milk,2022,1,Jan,1,1460.0,85040.0,29.23967741935484,31
Curd,Special Curd 500gm- Tonned Milk,2022,2,Feb,1,1592.5,93730.0,29.443928571428568,28
Curd,Special Curd 500gm- Tonned Milk,2022,3,Mar,1,2391.5,140660.0,29.41290322580645,31
Curd,Special Curd 500gm- Tonned Milk,2022,4,Apr,2,1742.5,102530.0,29.434,30
Curd,Special Curd 500gm- Tonned Milk,2022,5,May,2,1315.0,76800.0,29.299285714285713,28
Curd,Special Curd 500gm- Tonned Milk,2022,6,Jun,2,855.0,50100.0,29.39074074074074,27
Curd,Special Curd 500gm- Tonned Milk,2022,11,Nov,4,155.0,9528.78,30.792307692307695,13
Curd,Special Curd 500gm- Tonned Milk,2022,12,Dec,4,110.0,6714.4,30.55666666666667,6
Curd,Special Curd 500gm- Tonned Milk,2023,1,Jan,1,202.5,12235.79,30.594545454545457,11
Curd,Special Curd 500gm- Tonned Milk,2023,2,Feb,1,215.0,13128.76,30.544999999999998,10
Curd,Special Curd 500gm- Tonned Milk,2023,3,Mar,1,300.0,18085.83,30.572000000000003,10
Curd,Special Curd 500gm- Tonned Milk,2023,4,Apr,2,275.0,16728.760000000002,31.14875,8
Curd,Special Curd 500gm- Tonned Milk,2023,5,May,2,404.5,24613.2,30.849999999999998,12
Curd,Special Curd 500gm- Tonned Milk,2023,6,Jun,2,292.5,17735.91,30.354285714285712,7
Curd,Special Curd 500gm- Tonned Milk,2023,7,Jul,3,235.0,14328.800000000001,30.76625,8
Curd,Special Curd 500gm- Tonned Milk,2023,8,Aug,3,390.0,23514.350000000002,30.256666666666664,12
Curd,Special Curd 500gm- Tonned Milk,2023,9,Sep,3,395.0,23871.66,30.12294117647059,17
Curd,Special Curd 500gm- Tonned Milk,2023,10,Oct,4,518.5,31596.18,30.714,15
Curd,Special Curd 500gm- Tonned Milk,2023,11,Nov,4,345.5,21076.0,31.14272727272727,11
Curd,Special Curd 500gm- Tonned Milk,2023,12,Dec,4,152.5,9221.5,30.715,8
Curd,Special Curd 500gm- Tonned Milk,2024,1,Jan,1,240.0,14428.58,30.17875,8
Curd,Special Curd 500gm- Tonned Milk,2024,2,Feb,1,145.0,8757.19,30.715,8
Curd,Special Curd 500gm- Tonned Milk,2024,3,Mar,1,115.0,7014.36,31.1325,8
Curd,Special Curd 500gm- Tonned Milk,2024,4,Apr,2,145.0,8700.03,30.0,9
Curd,Special Curd 500gm- Tonned Milk,2024,5,May,2,75.0,4528.6,30.572000000000003,5
Curd,Special Curd 500gm- Tonned Milk,2024,6,Jun,2,80.0,4800.0,30.0,4
Curd,Special Curd 500gm- Tonned Milk,2024,7,Jul,3,1355.0,84874.81,30.236666666666668,6
Curd,Special Curd 500gm- Tonned Milk,2024,8,Aug,3,427634.5,26364302.46,30.838706563706566,9
Paneer,Paneer 1kg,2021,4,Apr,2,16.0,5984.69,366.4183333333333,6
Paneer,Paneer 1kg,2021,5,May,2,8.0,2861.5899999999997,357.7025,4
Paneer,Paneer 1kg,2021,6,Jun,2,11.0,3934.69,357.7033333333333,3
Paneer,Paneer 1kg,2021,7,Jul,3,4.0,1430.78,357.7,2
Paneer,Paneer 1kg,2021,8,Aug,3,4.0,1430.81,357.705,2
Paneer,Paneer 1kg,2021,9,Sep,3,10.0,3577.0099999999998,357.705,4
Paneer,Paneer 1kg,2021,10,Oct,4,22.0,7903.29,358.64166666666665,6
Paneer,Paneer 1kg,2021,11,Nov,4,37.0,14292.189999999999,367.3616666666667,12
Paneer,Paneer 1kg,2021,12,Dec,4,95.0,35236.659999999996,366.9986666666666,15
Paneer,Paneer 1kg,2022,1,Jan,1,112.0,38962.22,356.3792857142857,14
Paneer,Paneer 1kg,2022,2,Feb,1,125.0,42652.23,347.7528571428571,7
Paneer,Paneer 1kg,2022,3,Mar,1,153.0,57119.14,369.5009090909091,11
Paneer,Paneer 1kg,2022,4,Apr,2,88.0,32262.14,362.0608333333333,12
Paneer,Paneer 1kg,2022,5,May,2,104.0,38882.91,362.97499999999997,16
Paneer,Paneer 1kg,2022,6,Jun,2,131.0,46904.02,358.99799999999993,15
Paneer,Paneer 1kg,2022,7,Jul,3,86.0,31285.239999999998,361.7261538461538,13
Paneer,Paneer 1kg,2022,8,Aug,3,185.0,67220.53,362.7655555555555,18
Paneer,Paneer 1kg,2022,9,Sep,3,112.0,41213.09,365.4592857142857,14
Paneer,Paneer 1kg,2022,10,Oct,4,102.0,37333.52,364.4433333333333,15
Paneer,Paneer 1kg,2022,11,Nov,4,218.0,79081.17,363.17473684210523,19
Paneer,Paneer 1kg,2022,12,Dec,4,99.0,41898.09,418.1723529411765,17
Paneer,Paneer 1kg,2023,1,Jan,1,147.0,61493.75,416.826875,16
Paneer,Paneer 1kg,2023,2,Feb,1,101.0,42754.75,419.2525,12
Paneer,Paneer 1kg,2023,3,Mar,1,93.0,39568.42,419.81916666666666,12
Paneer,Paneer 1kg,2023,4,Apr,2,53.0,21502.12,405.7,14
Paneer,Paneer 1kg,2023,5,May,2,128.0,52983.380000000005,414.3453333333334,15
Paneer,Paneer 1kg,2023,6,Jun,2,98.0,42207.48,423.5571428571429,14
Paneer,Paneer 1kg,2023,7,Jul,3,108.0,45594.66,418.96999999999997,13
Paneer,Paneer 1kg,2023,8,Aug,3,80.0,33642.049999999996,415.5833333333333,12
Paneer,Paneer 1kg,2023,9,Sep,3,137.0,58130.84,420.93666666666667,12
Paneer,Paneer 1kg,2023,10,Oct,4,81.0,34522.13,415.46181818181816,11
Paneer,Paneer 1kg,2023,11,Nov,4,126.0,53786.76,420.49533333333335,15
Paneer,Paneer 1kg,2023,12,Dec,4,127.0,53243.63,415.5833333333333,18
Paneer,Paneer 1kg,2024,1,Jan,1,137.0,58004.19,416.84333333333336,18
Paneer,Paneer 1kg,2024,2,Feb,1,203.0,85381.49,421.5838095238095,21
Paneer,Paneer 1kg,2024,3,Mar,1,103.0,43950.14,414.53599999999994,20
Paneer,Paneer 1kg,2024,4,Apr,2,169.0,68665.73999999999,406.7447619047619,21
Paneer,Paneer 1kg,2024,5,May,2,135.0,55217.49,408.26130434782607,23
Paneer,Paneer 1kg,2024,6,Jun,2,165.0,70498.56,419.3780952380953,21
Paneer,Paneer 1kg,2024,7,Jul,3,161.0,68914.12,414.00315789473683,19
Paneer,Paneer 1kg,2024,8,Aug,3,185.0,78328.85,418.4135714285714,14
Paneer,Paneer 1kg,2024,9,Sep,3,92.0,39399.93,414.1714285714285,14
Paneer,Paneer 1kg,2024,10,Oct,4,186.0,79018.24,420.52500000000003,12
Paneer,Paneer 1kg,2024,11,Nov,4,134.0,57625.34,422.64285714285717,14
Paneer,Paneer 1kg,2024,12,Dec,4,148.0,62002.16,420.13916666666665,12
Paneer,Paneer 1kg,2025,1,Jan,1,135.0,58310.119999999995,426.47923076923075,13
Paneer,Paneer 1kg,2025,2,Feb,1,178.0,73876.68000000001,412.0464705882353,17
Paneer,Paneer 1kg,2025,3,Mar,1,156.0,64937.25,412.6794736842105,19
Paneer,Paneer 1kg,2025,4,Apr,2,205.0,83225.45999999999,406.1158333333333,24
Paneer,Paneer 1kg,2025,5,May,2,300.0,122445.32,408.53416666666664,24
Paneer,Paneer 1kg,2025,6,Jun,2,196.0,81653.68000000001,412.1615,20
Paneer,Paneer 1kg,2025,7,Jul,3,132.0,57203.86,416.32142857142856,21
Paneer,Paneer 1kg,2025,8,Aug,3,257.0,105609.33,410.94772727272726,22
Paneer,Paneer 1kg,2025,9,Sep,3,166.0,68174.73,410.8135294117647,17
Paneer,Paneer 1kg,2025,10,Oct,4,221.0,87969.63,398.88,19
Paneer,Paneer 1kg,2025,11,Nov,4,265.0,105356.02,398.3118181818182,22
Paneer,Paneer 1kg,2025,12,Dec,4,333.0,130619.69,390.22869565217394,23
Paneer,Paneer 200gm - Sliced,2021,4,Apr,2,530.8,205365.69,77.37892857142857,28
Paneer,Paneer 200gm - Sliced,2021,5,May,2,488.8,189409.07,77.50516129032259,31
Paneer,Paneer 200gm - Sliced,2021,6,Jun,2,593.6,229727.54,77.39551724137932,29
Paneer,Paneer 200gm - Sliced,2021,7,Jul,3,561.8,217486.82,77.45516129032258,31
Paneer,Paneer 200gm - Sliced,2021,8,Aug,3,619.6,239793.61,77.40866666666668,30
Paneer,Paneer 200gm - Sliced,2021,9,Sep,3,510.8,197696.21,77.40615384615384,26
Paneer,Paneer 200gm - Sliced,2021,10,Oct,4,517.2,200076.29,77.52321428571429,28
Paneer,Paneer 200gm - Sliced,2021,11,Nov,4,552.0,213532.27,77.35633333333334,30
Paneer,Paneer 200gm - Sliced,2021,12,Dec,4,693.8,268349.56,77.35967741935484,31
Paneer,Paneer 200gm - Sliced,2022,1,Jan,1,702.4,258578.59,74.19566666666667,30
Paneer,Paneer 200gm - Sliced,2022,2,Feb,1,510.4,188077.66,74.41851851851851,27
Paneer,Paneer 200gm - Sliced,2022,3,Mar,1,403.6,156140.5,77.3548275862069,29
Paneer,Paneer 200gm - Sliced,2022,4,Apr,2,510.40000000000003,197574.79,77.45964285714287,28
Paneer,Paneer 200gm - Sliced,2022,5,May,2,531.0,205502.22,77.40709677419356,31
Paneer,Paneer 200gm - Sliced,2022,6,Jun,2,537.2,199536.57,74.39482758620689,29
Paneer,Paneer 200gm - Sliced,2022,7,Jul,3,534.2,198109.37,74.17516129032258,31
Paneer,Paneer 200gm - Sliced,2022,8,Aug,3,588.6,218174.68,74.12633333333333,30
Paneer,Paneer 200gm - Sliced,2022,9,Sep,3,414.8,153490.24,74.0032142857143,28
Paneer,Paneer 200gm - Sliced,2022,10,Oct,4,623.6,231201.80000000002,74.11645161290323,31
Paneer,Paneer 200gm - Sliced,2022,11,Nov,4,541.8,200841.05000000002,74.11321428571429,28
Paneer,Paneer 200gm - Sliced,2022,12,Dec,4,533.8,213904.35,80.08310344827586,29
Paneer,Paneer 200gm - Sliced,2023,1,Jan,1,561.8,225345.81,80.209,30
Paneer,Paneer 200gm - Sliced,2023,2,Feb,1,464.4,186286.9,80.16678571428572,28
Paneer,Paneer 200gm - Sliced,2023,3,Mar,1,484.0,194303.36000000002,80.31551724137931,29
Paneer,Paneer 200gm - Sliced,2023,4,Apr,2,467.59999999999997,187443.25,80.20310344827585,29
Paneer,Paneer 200gm - Sliced,2023,5,May,2,579.8,232484.71,80.19,30
Paneer,Paneer 200gm - Sliced,2023,6,Jun,2,478.6,192023.80000000002,80.24241379310344,29
Paneer,Paneer 200gm - Sliced,2023,7,Jul,3,553.0,221770.46,80.15666666666667,30
Paneer,Paneer 200gm - Sliced,2023,8,Aug,3,533.0,213844.75,80.23,29
Paneer,Paneer 200gm - Sliced,2023,9,Sep,3,535.4,214683.84,80.26206896551724,29
Paneer,Paneer 200gm - Sliced,2023,10,Oct,4,718.2,287911.37,80.25,30
Paneer,Paneer 200gm - Sliced,2023,11,Nov,4,680.8,273048.81,80.17965517241379,29
Paneer,Paneer 200gm - Sliced,2023,12,Dec,4,766.0,307405.86,80.22548387096775,31
Paneer,Paneer 200gm - Sliced,2024,1,Jan,1,652.8,262409.94,80.3216129032258,31
Paneer,Paneer 200gm - Sliced,2024,2,Feb,1,578.8,232541.8,80.3248275862069,29
Paneer,Paneer 200gm - Sliced,2024,3,Mar,1,646.6,260049.84,80.9106896551724,29
Paneer,Paneer 200gm - Sliced,2024,4,Apr,2,627.4,251625.83000000002,80.15966666666667,30
Paneer,Paneer 200gm - Sliced,2024,5,May,2,693.0,278429.87,80.40193548387097,31
Paneer,Paneer 200gm - Sliced,2024,6,Jun,2,730.8,292800.93,80.11133333333333,30
Paneer,Paneer 200gm - Sliced,2024,7,Jul,3,812.0,325368.99,80.209,30
Paneer,Paneer 200gm - Sliced,2024,8,Aug,3,900.2,360697.1,80.13612903225805,31
Paneer,Paneer 200gm - Sliced,2024,9,Sep,3,676.6,271179.26,80.13724137931034,29
Paneer,Paneer 200gm - Sliced,2024,10,Oct,4,886.8,343599.64,77.619,30
Paneer,Paneer 200gm - Sliced,2024,11,Nov,4,821.8,308575.39,75.135,30
Paneer,Paneer 200gm - Sliced,2024,12,Dec,4,978.0,367912.23,75.39096774193548,31
Paneer,Paneer 200gm - Sliced,2025,1,Jan,1,806.4,323674.66000000003,80.25500000000001,30
Paneer,Paneer 200gm - Sliced,2025,2,Feb,1,748.8,300190.91000000003,80.17892857142859,28
Paneer,Paneer 200gm - Sliced,2025,3,Mar,1,787.8,316135.16000000003,80.23233333333333,30
Paneer,Paneer 200gm - Sliced,2025,4,Apr,2,802.2,321431.0,80.11,30
Paneer,Paneer 200gm - Sliced,2025,5,May,2,811.6,325374.95,80.1658064516129,31
Paneer,Paneer 200gm - Sliced,2025,6,Jun,2,912.2,365712.06,80.172,30
Paneer,Paneer 200gm - Sliced,2025,7,Jul,3,1092.2,437912.81,80.17032258064516,31
Paneer,Paneer 200gm - Sliced,2025,8,Aug,3,1058.8,424411.07,80.16032258064516,31
Paneer,Paneer 200gm - Sliced,2025,9,Sep,3,854.0,336131.77999999997,79.12192307692308,26
Paneer,Paneer 200gm - Sliced,2025,10,Oct,4,1235.6,471656.83,76.34806451612903,31
Paneer,Paneer 200gm - Sliced,2025,11,Nov,4,1322.0,504665.65,76.423,30
Paneer,Paneer 200gm - Sliced,2025,12,Dec,4,1493.8,571544.35,76.56258064516129,31
Sambaram,Butter Milk 175 Ml - Sambharam,2022,7,Jul,3,97.13,2104.64,3.79,1
Sambaram,Butter Milk 175 Ml - Sambharam,2022,8,Aug,3,536.39,11642.31,3.8009999999999997,10
Sambaram,Butter Milk 175 Ml - Sambharam,2022,9,Sep,3,3621.66,76428.22,3.7066666666666666,12
Sambaram,Butter Milk 175 Ml - Sambharam,2022,10,Oct,4,9087.82,192489.56,3.7148387096774194,31
Sambaram,Butter Milk 175 Ml - Sambharam,2022,11,Nov,4,10953.83,231839.03,3.7060000000000004,30
Sambaram,Butter Milk 175 Ml - Sambharam,2022,12,Dec,4,769.13,16573.54,3.736666666666667,3
Sambaram,Butter Milk 180ml - Sambaram,2021,4,Apr,2,41949.9,872846.5,3.753333333333333,30
Sambaram,Butter Milk 180ml - Sambaram,2021,5,May,2,9151.02,192904.1,3.836206896551724,29
Sambaram,Butter Milk 180ml - Sambaram,2021,6,Jun,2,1656.9,35529.5,3.8789285714285713,28
Sambaram,Butter Milk 180ml - Sambaram,2021,7,Jul,3,939.6,20250.0,3.869565217391304,23
Sambaram,Butter Milk 180ml - Sambaram,2021,9,Sep,3,1645.2,33890.0,3.753,10
Sambaram,Butter Milk 180ml - Sambaram,2021,10,Oct,4,1552.5,32613.5,3.811428571428572,21
Sambaram,Butter Milk 180ml - Sambaram,2021,11,Nov,4,2148.3,45462.5,3.8233333333333333,30
Sambaram,Butter Milk 180ml - Sambaram,2021,12,Dec,4,10111.5,207608.5,3.7196774193548388,31
Sambaram,Butter Milk 180ml - Sambaram,2022,1,Jan,1,18288.0,372988.0,3.6729032258064516,31
Sambaram,Butter Milk 180ml - Sambaram,2022,2,Feb,1,28756.8,590270.0,3.693214285714286,28
Sambaram,Butter Milk 180ml - Sambaram,2022,3,Mar,1,65956.32,1358539.6,3.706774193548387,31
Sambaram,Butter Milk 180ml - Sambaram,2022,4,Apr,2,49588.74,1022256.7,3.719333333333333,30
Sambaram,Butter Milk 180ml - Sambaram,2022,5,May,2,14092.92,291742.6,3.7641379310344827,29
Sambaram,Butter Milk 180ml - Sambaram,2022,6,Jun,2,6921.0,144659.0,3.7789473684210524,19
Sambaram,Butter Milk 200 Ml,2022,10,Oct,4,4101.0,138399.85,6.683666666666666,30
Sambaram,Butter Milk 200 Ml,2022,11,Nov,4,5983.6,199216.09,6.700689655172414,29
Sambaram,Butter Milk 200 Ml,2022,12,Dec,4,9731.0,343675.19,7.0925806451612905,31
Sambaram,Butter Milk 200 Ml,2023,1,Jan,1,13031.6,456236.86,7.009677419354839,31
Sambaram,Butter Milk 200 Ml,2023,2,Feb,1,26752.6,930543.9,6.965714285714285,28
Sambaram,Butter Milk 200 Ml,2023,3,Mar,1,65668.0,2285824.7,6.9638709677419355,31
Sambaram,Butter Milk 200 Ml,2023,4,Apr,2,77382.0,2701549.96,6.9863333333333335,30
Sambaram,Butter Milk 200 Ml,2023,5,May,2,39674.2,1392070.57,7.026451612903226,31
Sambaram,Butter Milk 200 Ml,2023,6,Jun,2,10590.0,377065.16,7.244827586206896,29
Sambaram,Butter Milk 200 Ml,2023,7,Jul,3,685.0,25187.03,7.35904761904762,21
Sambaram,Butter Milk 200 Ml,2023,8,Aug,3,3971.0,142970.32,7.221481481481481,27
Sambaram,Butter Milk 200 Ml,2023,9,Sep,3,1778.0,64237.34,7.314,20
Sambaram,Butter Milk 200 Ml,2023,10,Oct,4,5603.0,201423.87,7.214444444444444,27
Sambaram,Butter Milk 200 Ml,2023,11,Nov,4,7671.0,274344.16,7.174,30
Sambaram,Butter Milk 200 Ml,2023,12,Dec,4,8417.0,299498.25,7.123870967741936,31
Sambaram,Butter Milk 200 Ml,2024,1,Jan,1,10565.2,374819.47,7.115161290322581,31
Sambaram,Butter Milk 200 Ml,2024,2,Feb,1,34243.4,1192704.78,6.981379310344828,29
Sambaram,Butter Milk 200 Ml,2024,3,Mar,1,79947.4,2780831.12,6.957741935483871,31
Sambaram,Butter Milk 200 Ml,2024,4,Apr,2,105065.6,3655102.02,6.9590000000000005,30
Sambaram,Butter Milk 200 Ml,2024,5,May,2,39003.6,1357836.8699999999,7.029333333333333,30
Sambaram,Butter Milk 200 Ml,2024,6,Jun,2,8.0,295.98,7.4,2
Sambaram,Butter Milk 200 Ml,2024,8,Aug,3,1023.0,36577.21,7.240769230769231,13
Sambaram,Butter Milk 200 Ml,2024,9,Sep,3,1845.0,65605.34,7.185,12
Sambaram,Butter Milk 200 Ml,2024,10,Oct,4,3232.0,114750.89,7.1751851851851844,27
Sambaram,Butter Milk 200 Ml,2024,11,Nov,4,8185.2,287898.46,7.089666666666667,30
Sambaram,Butter Milk 200 Ml,2024,12,Dec,4,5895.0,209159.23,7.140322580645161,31
Sambaram,Butter Milk 200 Ml,2025,1,Jan,1,8567.0,302164.86,7.0764516129032256,31
Sambaram,Butter Milk 200 Ml,2025,2,Feb,1,25906.8,904674.83,7.0,28
Sambaram,Butter Milk 200 Ml,2025,3,Mar,1,52860.0,1844320.22,6.981612903225806,31
Sambaram,Butter Milk 200 Ml,2025,4,Apr,2,46482.2,1607093.73,6.915333333333334,30
Sambaram,Butter Milk 200 Ml,2025,5,May,2,23118.2,800927.44,7.023793103448276,29
Sambaram,Butter Milk 200 Ml,2025,6,Jun,2,10.0,370.0,7.4,2
Sambaram,Butter Milk 200 Ml,2025,7,Jul,3,36.0,1331.99,7.4,7
Sambaram,Butter Milk 200 Ml,2025,9,Sep,3,2836.0,100521.94,7.115555555555556,18
Sambaram,Butter Milk 200 Ml,2025,10,Oct,4,6397.6,225880.13,7.10741935483871,31
Sambaram,Butter Milk 200 Ml,2025,11,Nov,4,8671.2,305409.34,7.0520000000000005,30
Sambaram,Butter Milk 200 Ml,2025,12,Dec,4,8866.6,313183.22,7.071935483870967,31
Sambaram,Butter Milk 200 Ml - Nellikka,2022,7,Jul,3,115.0,3994.95,6.95,1
Sambaram,Butter Milk 200 Ml - Nellikka,2022,8,Aug,3,632.0,21766.1,6.916923076923077,13
Sambaram,Butter Milk 200 Ml - Nellikka,2022,9,Sep,3,1977.0,66453.59,6.781818181818181,11
Sambaram,Butter Milk 250ml-Nellikka,2021,4,Apr,2,32063.75,862925.0,6.745666666666667,30
Sambaram,Butter Milk 250ml-Nellikka,2021,5,May,2,8335.5,227775.6,6.888965517241379,29
Sambaram,Butter Milk 250ml-Nellikka,2021,6,Jun,2,1763.75,49049.0,6.928518518518518,27
Sambaram,Butter Milk 250ml-Nellikka,2021,7,Jul,3,855.25,23683.0,6.928333333333334,12
Sambaram,Butter Milk 250ml-Nellikka,2021,8,Aug,3,2.5,70.0,7.0,1
Sambaram,Butter Milk 250ml-Nellikka,2021,9,Sep,3,1651.0,44968.0,6.824,10
Sambaram,Butter Milk 250ml-Nellikka,2021,10,Oct,4,2580.0,70836.0,6.896333333333333,30
Sambaram,Butter Milk 250ml-Nellikka,2021,11,Nov,4,2847.5,78134.0,6.878333333333333,30
Sambaram,Butter Milk 250ml-Nellikka,2021,12,Dec,4,9292.75,246445.0,6.675161290322581,31
Sambaram,Butter Milk 250ml-Nellikka,2022,1,Jan,1,12927.5,341564.0,6.627419354838709,31
Sambaram,Butter Milk 250ml-Nellikka,2022,2,Feb,1,21681.25,570439.0,6.597142857142857,28
Sambaram,Butter Milk 250ml-Nellikka,2022,3,Mar,1,51577.25,1347425.0,6.5364516129032255,31
Sambaram,Butter Milk 250ml-Nellikka,2022,4,Apr,2,39160.0,1028530.0,6.595,30
Sambaram,Butter Milk 250ml-Nellikka,2022,5,May,2,11192.5,297838.0,6.765862068965517,29
Sambaram,Butter Milk 250ml-Nellikka,2022,6,Jun,2,3765.0,100644.0,6.740666666666667,15
Yogurt,Flavoured Yoghurt 80gm,2021,4,Apr,2,4.32,912.5799999999999,16.9,3
Yogurt,Flavoured Yoghurt 80gm,2021,5,May,2,2.88,608.38,16.9,2
Yogurt,Flavoured Yoghurt 80gm,2021,6,Jun,2,2.88,608.38,16.9,2
Yogurt,Flavoured Yoghurt 80gm,2021,7,Jul,3,5.76,1216.76,16.9,4
Yogurt,Flavoured Yoghurt 80gm,2021,8,Aug,3,14.399999999999999,3041.91,16.9,8
Yogurt,Flavoured Yoghurt 80gm,2021,9,Sep,3,11.04,2332.16,16.9,6
Yogurt,Flavoured Yoghurt 80gm,2021,10,Oct,4,12.959999999999999,2737.74,16.9,7
Yogurt,Flavoured Yoghurt 80gm,2021,11,Nov,4,10.08,2129.33,16.9,6
Yogurt,Flavoured Yoghurt 80gm,2021,12,Dec,4,10.08,2129.33,16.9,6
Yogurt,Flavoured Yoghurt 80gm,2022,1,Jan,1,15.84,3346.12,16.9,6
Yogurt,Flavoured Yoghurt 80gm,2022,2,Feb,1,18.96,4005.17,16.9,10
Yogurt,Flavoured Yoghurt 80gm,2022,3,Mar,1,14.64,3092.6,16.9,9
Yogurt,Flavoured Yoghurt 80gm,2022,4,Apr,2,9.36,1977.24,16.9,6
Yogurt,Flavoured Yoghurt 80gm,2022,5,May,2,8.559999999999999,1808.23,16.9,5
Yogurt,Flavoured Yoghurt 80gm,2022,6,Jun,2,11.52,2433.52,16.9,7
Yogurt,Flavoured Yoghurt 80gm,2022,7,Jul,3,7.199999999999999,1520.95,16.9,4
Yogurt,Flavoured Yoghurt 80gm,2022,8,Aug,3,2.88,608.38,16.9,2
Yogurt,Flavoured Yoghurt 80gm,2022,9,Sep,3,2.88,608.38,16.9,2
Yogurt,Flavoured Yoghurt 80gm,2022,10,Oct,4,13.44,2876.3,17.158749999999998,8
Yogurt,Flavoured Yoghurt 80gm,2022,11,Nov,4,14.72,3109.5,16.9,7
Yogurt,Flavoured Yoghurt 80gm,2022,12,Dec,4,11.36,2555.96,18.0,7
Yogurt,Flavoured Yoghurt 80gm,2023,1,Jan,1,17.12,3851.95,18.0,7
Yogurt,Flavoured Yoghurt 80gm,2023,2,Feb,1,24.48,5507.87,18.0,12
Yogurt,Flavoured Yoghurt 80gm,2023,3,Mar,1,21.919999999999998,4931.92,18.0,9
Yogurt,Flavoured Yoghurt 80gm,2023,4,Apr,2,11.52,2591.92,18.0,8
Yogurt,Flavoured Yoghurt 80gm,2023,5,May,2,4.32,971.99,18.0,2
Yogurt,Flavoured Yoghurt 80gm,2023,6,Jun,2,2.88,647.98,18.0,2
Yogurt,Flavoured Yoghurt 80gm,2023,7,Jul,3,12.24,1835.93,12.0,5
Yogurt,Flavoured Yoghurt 80gm,2023,8,Aug,3,22.32,3419.9300000000003,12.428571428571429,7
Yogurt,Flavoured Yoghurt 80gm,2023,9,Sep,3,28.4,4355.92,12.318999999999999,10
Yogurt,Flavoured Yoghurt 80gm,2023,10,Oct,4,20.16,4535.9,18.0,8
Yogurt,Flavoured Yoghurt 80gm,2023,11,Nov,4,17.28,3887.92,18.0,10
Yogurt,Flavoured Yoghurt 80gm,2023,12,Dec,4,12.959999999999999,2915.94,18.0,6
Yogurt,Flavoured Yoghurt 80gm,2024,1,Jan,1,7.199999999999999,1619.95,18.0,5
Yogurt,Flavoured Yoghurt 80gm,2024,2,Feb,1,15.84,3563.92,18.0,8
Yogurt,Flavoured Yoghurt 80gm,2024,3,Mar,1,30.64,6893.93,18.0,10
Yogurt,Flavoured Yoghurt 80gm,2024,4,Apr,2,12.959999999999999,2915.9300000000003,18.0,8
Yogurt,Flavoured Yoghurt 80gm,2024,5,May,2,15.84,3563.92,18.0,11
Yogurt,Flavoured Yoghurt 80gm,2024,6,Jun,2,18.72,4211.98,18.0,8
Yogurt,Flavoured Yoghurt 80gm,2024,7,Jul,3,18.72,4221.65,18.03,9
Yogurt,Flavoured Yoghurt 80gm,2024,8,Aug,3,15.84,3573.67,18.0675,8
Yogurt,Flavoured Yoghurt 80gm,2024,9,Sep,3,12.959999999999999,2935.41,18.115714285714287,7
Yogurt,Flavoured Yoghurt 80gm,2024,10,Oct,4,18.72,4221.610000000001,18.02,9
Yogurt,Flavoured Yoghurt 80gm,2024,11,Nov,4,18.8,4249.38,18.0675,8
Yogurt,Flavoured Yoghurt 80gm,2024,12,Dec,4,25.04,5652.24,18.040000000000003,9
Yogurt,Flavoured Yoghurt 80gm,2025,1,Jan,1,26.88,6057.58,18.012857142857143,14
Yogurt,Flavoured Yoghurt 80gm,2025,2,Feb,1,57.440000000000005,12970.35,18.156363636363636,11
Yogurt,Flavoured Yoghurt 80gm,2025,3,Mar,1,42.72,9675.57,18.106923076923074,13
Yogurt,Flavoured Yoghurt 80gm,2025,4,Apr,2,33.12,7461.58,18.0225,12
Yogurt,Flavoured Yoghurt 80gm,2025,5,May,2,32.88,7427.01,18.072307692307692,13
Yogurt,Flavoured Yoghurt 80gm,2025,6,Jun,2,23.04,5247.59,18.284545454545455,11
Yogurt,Flavoured Yoghurt 80gm,2025,7,Jul,3,23.759999999999998,5375.09,18.12272727272727,11
Yogurt,Flavoured Yoghurt 80gm,2025,8,Aug,3,34.56,7805.06,18.05727272727273,11
Yogurt,Flavoured Yoghurt 80gm,2025,9,Sep,3,27.36,6165.6,18.035555555555554,9
Yogurt,Flavoured Yoghurt 80gm,2025,10,Oct,4,44.32,9971.79,18.0,15
Yogurt,Flavoured Yoghurt 80gm,2025,11,Nov,4,50.4,11349.49,18.038571428571426,14
Yogurt,Flavoured Yoghurt 80gm,2025,12,Dec,4,64.8,14628.43,18.048461538461538,13
Yogurt,Greek Yoghurt 100g,2023,5,May,2,47.1,11768.03,25.001428571428573,7
Yogurt,Greek Yoghurt 100g,2023,6,Jun,2,30.6,7620.04,24.8775,8
Yogurt,Greek Yoghurt 100g,2023,9,Sep,3,5.1,1295.0,31.08,2
Yogurt,Greek Yoghurt 100g - Trcmpu,2025,2,Feb,1,47.800000000000004,11802.99,24.704,5
Yogurt,Greek Yoghurt 100g - Trcmpu,2025,3,Mar,1,0.2,74.0,37.0,1
Yogurt,Sugar Free Yoghurt 100g - Mango,2023,11,Nov,4,21.0,5361.33,25.378333333333334,6
Yogurt,Sugar Free Yoghurt 100g - Mango,2023,12,Dec,4,12.4,3070.98,24.782000000000004,5
Yogurt,Sugar Free Yoghurt 100g - Mango,2024,1,Jan,1,1.0,259.01,25.9,1
Yogurt,Sugar Free Yoghurt 100g - Mango,2024,2,Feb,1,0.1,37.0,37.0,1
Yogurt,Sugar Free Yoghurt 100g - Mango,2024,3,Mar,1,7.2,1813.03,25.380000000000003,4
Yogurt,Sugar Free Yoghurt 100g - Mango,2024,10,Oct,4,4.3,1073.01,25.11,4
Yogurt,Sugar Free Yoghurt 100g - Mango,2024,11,Nov,4,2.7,666.0,24.67,3
Yogurt,Sugar Free Yoghurt 100g - Mango,2024,12,Dec,4,8.7,2170.01,24.92,8
Yogurt,Sugar Free Yoghurt 100g - Mango,2025,1,Jan,1,5.9,1479.99,25.53,4
Yogurt,Sugar Free Yoghurt 100g - Pineapple,2023,11,Nov,4,21.6,5497.33,25.41888888888889,9
Yogurt,Sugar Free Yoghurt 100g - Pineapple,2023,12,Dec,4,4.3,1072.98,25.286,5
Yogurt,Sugar Free Yoghurt 100g - Pineapple,2024,1,Jan,1,4.9,1220.99,25.69666666666667,3
Yogurt,Sugar Free Yoghurt 100g - Pineapple,2024,3,Mar,1,11.8,2923.01,24.709999999999997,3
Yogurt,Sugar Free Yoghurt 100g - Pineapple,2024,10,Oct,4,3.5999999999999996,888.0,24.67,3
